﻿Designator,Quantity,Value,Footprint,Package,MPN,DNP,Mount_Type,MF,MAXIMUM_PACKAGE_HEIGHT,Price,Check_prices,STANDARD,PARTREV,SnapEDA_Link,MP,Description_1,SNAPEDA_PN,Availability,MANUFACTURER,Description
J1,1,3-2328724-1,CONN-SMD_FH26W-31S-0.3SHW-60,None,,,tht,TE Connectivity AMP Connectors,1.1mm,None,https://www.snapeda.com/parts/3-2328724-1/TE+Connectivity/view-part/?ref=eda,Manufacturer Recommendations,3,https://www.snapeda.com/parts/3-2328724-1/TE+Connectivity/view-part/?ref=snap,3-2328724-1,"
                        
                            31 Position FPC Connector Contacts, Bottom 0.012 (0.30mm) Surface Mount, Right Angle
                        
",3-2328724-1,In Stock,TE Connectivity,
J2,1,BM23PF0.8-40DP-0.35V_51_,CONN-SMD_BM23PF0.8-40DS-0.35V880,,,,tht,,,,,,,,,,,,HRS,
J3,1,I2C Pinstack,PinHeader_1x03_P1.00mm_Horizontal,,,,tht,,,,,,,,,,,,,"Generic connectable mounting pin connector, single row, 01x03, script generated (kicad-library-utils/schlib/autogen/connector/)"
J4,1,GPIO Pinstack,PinHeader_1x03_P1.00mm_Horizontal,,,,tht,,,,,,,,,,,,,"Generic connectable mounting pin connector, single row, 01x03, script generated (kicad-library-utils/schlib/autogen/connector/)"
"TP1, TP11",2,+5V5 Screen,TestPoint_Pad_1.0x1.0mm,,,,tht,,,,,,,,,,,,,test point
TP10,1,+5V5 Src,TestPoint_Pad_1.0x1.0mm,,,,tht,,,,,,,,,,,,,test point
TP2,1,-5V5 Screen,TestPoint_Pad_1.0x1.0mm,,,,tht,,,,,,,,,,,,,test point
TP3,1,MVDD Test,TestPoint_Pad_1.0x1.0mm,,,,tht,,,,,,,,,,,,,test point
TP4,1,VREF1 Test,TestPoint_Pad_1.0x1.0mm,,,,tht,,,,,,,,,,,,,test point
TP5,1,ELVDD Test,TestPoint_Pad_1.0x1.0mm,,,,tht,,,,,,,,,,,,,test point
TP6,1,GPIO Test,TestPoint_Pad_1.0x1.0mm,,,,tht,,,,,,,,,,,,,test point
TP7,1,VGSP Test,TestPoint_Pad_1.0x1.0mm,,,,tht,,,,,,,,,,,,,test point
TP8,1,VGMP Test,TestPoint_Pad_1.0x1.0mm,,,,tht,,,,,,,,,,,,,test point
TP9,1,GND Test,TestPoint_Pad_1.0x1.0mm,,,,tht,,,,,,,,,,,,,test point
