﻿Designator,Quantity,Value,Footprint,Package,MPN,DNP,Mount_Type,Description,Manufacturer Part,Manufacturer,Supplier Part,Supplier,JLC_3DModel,JLC_3D_Size,MF,MAXIMUM_PACKAGE_HEIGHT,Price,Check_prices,STANDARD,PARTREV,SnapEDA_Link,MP,Description_1,SNAPEDA_PN,Availability,MANUFACTURER
C1,1,1uF,C_0603_1608Metric,,,,smt,"Unpolarized capacitor, small symbol",,,,,,,,,,,,,,,,,,
C2,1,100uF,C_1206_3216Metric,,,,smt,"Unpolarized capacitor, small symbol",,,,,,,,,,,,,,,,,,
D1,1,~,D_SOD-523,,,,smt,"Zener diode, small symbol",,,,,,,,,,,,,,,,,,
FPC1,1,F0504-H-06-10G-R,FFC-SMD_6P-P0.50_F0504-H-06-10G-R,,,,tht,,F0504-H-06-10G-R,XFCN(兴飞),C510962,LCSC,,,,,,,,,,,,,,
J1,1,3-2328724-1,FPC-SMD_31P-P0.30_HDGC_0.3K-QX-31PWB,None,,,tht,,0.3K-QX-31PWB,HDGC(华德共创),C2919512,LCSC,73d9eea5ac2e477dad022ba5780052ea,10.8 3.6,TE Connectivity AMP Connectors,1.1mm,None,https://www.snapeda.com/parts/3-2328724-1/TE+Connectivity/view-part/?ref=eda,Manufacturer Recommendations,3,https://www.snapeda.com/parts/3-2328724-1/TE+Connectivity/view-part/?ref=snap,3-2328724-1,"
                        
                            31 Position FPC Connector Contacts, Bottom 0.012 (0.30mm) Surface Mount, Right Angle
                        
",3-2328724-1,In Stock,TE Connectivity
J2,1,BM23PF0.8-40DP-0.35V_51_,BM23PF0840DS035V51-GOOD,,,,smt,,,,,,,,,,,,,,,,,,,HRS
L1,1,56uH,L_1812_4532Metric,,,,smt,"Inductor, small symbol",,,,,,,,,,,,,,,,,,
R1,1,65k,R_0603_1608Metric,,,,smt,"Resistor, small US symbol",,,,,,,,,,,,,,,,,,
R2,1,10k,R_0603_1608Metric,,,,smt,"Resistor, small US symbol",,,,,,,,,,,,,,,,,,
TP1,1,+5V5 Screen,TestPoint_Pad_1.0x1.0mm,,,,tht,test point,,,,,,,,,,,,,,,,,,
TP10,1,+5V5 Src,TestPoint_Pad_1.0x1.0mm,,,,tht,test point,,,,,,,,,,,,,,,,,,
"TP11, TP2",2,-5V5 Screen,TestPoint_Pad_1.0x1.0mm,,,,tht,test point,,,,,,,,,,,,,,,,,,
TP3,1,MVDD Test,TestPoint_Pad_1.0x1.0mm,,,,tht,test point,,,,,,,,,,,,,,,,,,
TP4,1,VREF1 Test,TestPoint_Pad_1.0x1.0mm,,,,tht,test point,,,,,,,,,,,,,,,,,,
TP5,1,ELVDD Test,TestPoint_Pad_1.0x1.0mm,,,,tht,test point,,,,,,,,,,,,,,,,,,
TP7,1,VGSP Test,TestPoint_Pad_1.0x1.0mm,,,,tht,test point,,,,,,,,,,,,,,,,,,
TP8,1,VGMP Test,TestPoint_Pad_1.0x1.0mm,,,,tht,test point,,,,,,,,,,,,,,,,,,
TP9,1,GND Test,TestPoint_Pad_1.0x1.0mm,,,,tht,test point,,,,,,,,,,,,,,,,,,
U1,1,ICM-42605,LGA14_2P5X3X0P91_IVS,,,,smt,,,,,,,,,,,,,,,,,,,
U3,1,LTC3638xMSE,Analog_MSOP-12-16-1EP_3x4.039mm_P0.5mm_EP1.651x2.845mm,,,,smt,"250mA High efficiency 140V step-down converter, MSOP-16(12)",,,,,,,,,,,,,,,,,,
