﻿pos_x,pos_y,rotation,side,designator,mpn,pack,footprint,value,mount_type
103.75,-56.75,-90.0,bottom,C1,,,C_0603_1608Metric,1uF,smt
98.0,-68.95,90.0,bottom,C10,,,C_0603_1608Metric,C_Small,smt
98.0,-65.0,0.0,top,C11,,,C_0603_1608Metric,C_Small,smt
85.0,-58.5,180.0,top,C12,,,C_0603_1608Metric,C_Small,smt
90.5,-69.0,-90.0,bottom,C13,,,C_0603_1608Metric,C_Small,smt
93.5,-56.225,90.0,bottom,C2,,,C_1206_3216Metric,100uF,smt
99.5,-69.0,-90.0,bottom,C3,,,C_0603_1608Metric,C_Small,smt
85.0,-69.025,90.0,bottom,C4,,,C_0603_1608Metric,C_Small,smt
95.0,-68.975,-90.0,bottom,C5,,,C_0603_1608Metric,C_Small,smt
90.0,-59.0,0.0,bottom,C6,,,C_0603_1608Metric,C_Small,smt
89.0,-69.0,-90.0,bottom,C7,,,C_0603_1608Metric,C_Small,smt
87.5,-69.0,-90.0,bottom,C8,,,C_0603_1608Metric,C_Small,smt
101.0,-69.0,-90.0,bottom,C9,,,C_0603_1608Metric,C_Small,smt
98.0,-63.0,180.0,top,D2,,,D_SOD-123,D_Schottky_Small,smt
100.0,-57.5,180.0,top,D3,,,D_SOD-123,D_Schottky_Small,smt
113.25,-67.601,-90.0,top,FPC1,,,FFC-SMD_6P-P0.50_F0504-H-06-10G-R,F0504-H-06-10G-R,tht
113.3125,-59.1009,-90.0,top,J1,,None,FPC-SMD_31P-P0.30_HDGC_0.3K-QX-31PWB,3-2328724-1,tht
88.175,-62.941,0.0,top,J2,,,BM23PF0840DS035V51-GOOD,BM23PF0.8-40DP-0.35V_51_,smt
109.25,-56.25,-90.0,bottom,L1,,,L_1812_4532Metric,51uH,smt
105.5,-55.5,90.0,top,R1,,,R_0603_1608Metric,130k,smt
107.0,-55.5,-90.0,top,R2,,,R_0603_1608Metric,20k,smt
106.250001,-67.7313,90.0,top,U1,,,LGA14_2P5X3X0P91_IVS,ICM-42605,smt
100.1055,-56.5,180.0,bottom,U3,,,Analog_MSOP-12-16-1EP_3x4.039mm_P0.5mm_EP1.651x2.845mm,LTC3638xMSE,smt
