﻿pos_x,pos_y,rotation,side,designator,mpn,pack,footprint,value,mount_type
102.0,-80.25,0.0,bottom,C1,,,C_1206_3216Metric,47 uF,smt
112.75,-80.75,-90.0,top,FPC1,,,FFC-SMD_6P-P0.50_F0504-H-06-10G-R,F0504-H-06-10G-R,tht
112.75,-89.25,-90.0,top,J1,,None,FPC-SMD_31P-P0.30_HDGC_0.3K-QX-31PWB,3-2328724-1,tht
88.175,-87.09,0.0,top,J2,,,BM23PF0840DS035V51-GOOD,BM23PF0.8-40DP-0.35V_51_,smt
107.0,-80.111,90.0,top,U1,,,LGA14_2P5X3X0P91_IVS,ICM-42605,smt
101.8875,-80.45,180.0,top,U2,,,SOT-23-6,LM2665M6,smt
